test_loss_rt(days),_step,train_acc,train_loss_rt(days),test_acc,train_loss,_runtime,test_loss,_timestamp,run_name,lr,device,epochs,dataset,condition,optimizer,batch_size,weight_decay
6417.517777777778,32,0.42163375224416516,440.4551851851852,0.41827912721284477,1.3556795104952095,161.6750614643097,1.3563197769334832,1677654500.9128785,stellar-sweep-10,0.0006383840914438283,cuda,50,BPI_Challenge_2012_W,resource_usage,sgd,64,0.01
2054.388148148148,48,0.42622467299307515,224.3026851851852,0.40719511036513917,1.3227102092548222,138.98926901817322,1.3468178384310163,1677654327.085421,lyric-sweep-9,0.0001991826580769407,cuda,50,BPI_Challenge_2012_W,resource_usage,sgd,512,0.01
634.2494444444444,48,0.4426006668376507,94.60374421296297,0.4197042150932641,1.309565843432706,337.7670998573303,1.3410160789564647,1677654169.8229008,vital-sweep-8,0.0009976153858642692,cuda,50,BPI_Challenge_2012_W,resource_usage,sgd,512,0.01
0.00027197210877029983,39,0.6371761990253911,0.00020977808369530571,0.5848243975045128,0.8319747227373782,286.550674200058,0.9513258688142634,1677653749.7479072,lyric-sweep-7,0.00091948604901064,cuda,50,BPI_Challenge_2012_W,resource_usage,adam,256,0.0
0.00027745962142944336,49,0.7320210310335984,0.00017635135738937942,0.66168413718846,0.66420447882948,364.43865060806274,0.8069175635559902,1677653454.3824167,driven-sweep-6,0.00048804079582042754,cuda,50,BPI_Challenge_2012_W,resource_usage,adam,512,0.0
0.0005201561804170962,48,0.5973967684021544,0.0001870343420240614,0.5521107134939988,0.9209271114310964,153.18287706375122,1.0189800474050776,1677653069.462702,rare-sweep-5,0.0009149390827890214,cuda,50,BPI_Challenge_2012_W,resource_usage,adam,256,0.01
557.8962962962963,37,0.4904847396768402,64.91994791666667,0.4675871678753523,1.1589472592136865,112.68633675575256,1.2017321476108969,1677652823.2307818,sage-sweep-4,0.0007887301104593363,cuda,50,BPI_Challenge_2012_W,resource_usage,adam,512,0.001
0.0003312259691732901,49,0.6142728904847397,0.0002288777298397488,0.5532191151787693,0.8912676360430427,140.7207956314087,0.9868122147582076,1677652702.2706997,iconic-sweep-3,0.0007663411201886679,cuda,50,BPI_Challenge_2012_W,resource_usage,adam,512,0.001
1720.4027777777778,31,0.4354962810977174,231.77532407407406,0.4188491623650125,1.3033490074937482,99.6847915649414,1.3291902320321631,1677652502.4221635,playful-sweep-2,0.0004956779013810467,cuda,50,BPI_Challenge_2012_W,resource_usage,sgd,512,0.01
2.0036932425050674e+26,49,0.3191972300589895,2.5790621771188088e+26,0.3486081641701238,1.964232234411834,149.01829028129578,1.9484885262692484,1677652392.3048263,proud-sweep-1,1.427426789768116e-06,cuda,50,BPI_Challenge_2012_W,resource_usage,adam,512,0.0
0.0001495274239116245,38,0.8897409592203129,0.00011171917120615641,0.8712987300883555,0.24272453706595923,275.9926176071167,0.3250160709796918,1677652147.6664467,winter-sweep-10,0.0002065193259682698,cuda,50,BPI_Challenge_2012_W,trace_time,adam,256,0.001
0.00017449393316551492,43,0.7724416517055656,0.00013415346542994182,0.7100104506444564,0.5468674513736607,304.23937582969666,0.718436439592956,1677651844.232189,iconic-sweep-9,0.00013017226184226658,cuda,50,BPI_Challenge_2012_W,trace_time,adam,256,0.001
0.0001650600963168674,43,0.7967684021543986,0.00012803613035767167,0.7356303638724389,0.4976326440352298,137.46274042129517,0.6720496519381217,1677651511.8718514,autumn-sweep-8,0.0002529429913223361,cuda,50,BPI_Challenge_2012_W,trace_time,adam,256,0.001
345.8095833333333,49,0.4636958194408823,72.74747106481482,0.4462425182886278,1.2990249649871157,368.4143490791321,1.3301759447105994,1677651357.9994042,royal-sweep-7,0.00019908340876326463,cuda,50,BPI_Challenge_2012_W,trace_time,sgd,256,0.001
1654.0912962962964,24,0.4505001282380097,426.97712962962964,0.4286664344301232,1.3166613470869022,72.40038871765137,1.3371113642824155,1677650904.3886306,crisp-sweep-6,0.0003658591010938959,cuda,50,BPI_Challenge_2012_W,trace_time,sgd,512,0.01
814.4157407407407,49,0.45211592716081045,223.40648148148148,0.4284130854736042,1.3130538931135094,140.86545825004578,1.3368045841571246,1677650823.1443603,spring-sweep-5,0.0005749181293007739,cuda,50,BPI_Challenge_2012_W,trace_time,sgd,512,0.0
276.97578703703704,45,0.4697101820979738,50.43940393518518,0.4530512714950755,1.2747267796278428,221.19375681877136,1.3038026666378482,1677650650.3361568,crisp-sweep-4,0.0001827330425203787,cuda,50,BPI_Challenge_2012_W,trace_time,sgd,64,0.001
0.00017108113677413375,46,0.8015003847140293,0.0001285755303170946,0.750071254394021,0.4783504005516759,269.4976601600647,0.6398438298083485,1677650402.710766,major-sweep-3,0.00021360761065755595,cuda,50,BPI_Challenge_2012_W,trace_time,adam,64,0.001
139.74208333333334,24,0.512259553731726,23.74105758101852,0.494632168983754,1.1381456873667,79.57452845573425,1.1752170352639515,1677650047.7930174,earnest-sweep-2,0.0009324928269260798,cuda,50,BPI_Challenge_2012_W,trace_time,adam,256,0.0
1615.4261111111111,46,0.4506924852526289,410.8164814814815,0.42730468378883363,1.316582535095293,266.52507734298706,1.3434509794681186,1677649937.6930094,helpful-sweep-1,0.000962037021889988,cuda,50,BPI_Challenge_2012_W,trace_time,sgd,512,0.01
0.01764534420437283,49,0.543214838088975,0.00652873780992296,0.5022365805168986,1.5184677469730812,218.13173484802246,1.6028999874653447,1677649657.0521069,balmy-sweep-10,0.0009637208958569242,cuda,50,BPI_Challenge_2012_Complete,resource_usage,adam,256,0.0
20078.13925925926,36,0.492589480350249,6949.242962962963,0.45474030815109345,1.6140102448630742,106.8739492893219,1.7111383776067501,1677649391.4761653,lyric-sweep-9,0.0003180536298540246,cuda,50,BPI_Challenge_2012_Complete,resource_usage,sgd,512,0.001
0.0017701300868281612,49,0.8285411566986957,0.0007555266662880227,0.7902273856858847,0.4642422765156945,144.59830689430237,0.6614680221493154,1677649276.2069318,silver-sweep-8,0.00026362092926096776,cuda,50,BPI_Challenge_2012_Complete,resource_usage,adam,512,0.001
0.0021256445072315357,46,0.6177340981330606,0.0011133210747330277,0.5499502982107356,1.127959742998221,139.83480072021484,1.3686871922039843,1677649112.8310766,crisp-sweep-7,0.0009017895841794254,cuda,50,BPI_Challenge_2012_Complete,resource_usage,adam,512,0.001
4883.3448148148145,43,0.5133413710374728,1751.887037037037,0.46542619284294234,1.5253187479292307,127.39019703865051,1.6436474714317095,1677648944.223769,skilled-sweep-6,0.0009958335530099783,cuda,50,BPI_Challenge_2012_Complete,resource_usage,adam,512,0.001
5135.556666666666,32,0.5126350273403724,1794.3727777777779,0.4651776838966203,1.5265460287160109,96.28663444519043,1.643000225186585,1677648762.1798935,winter-sweep-5,0.0008008947256103601,cuda,50,BPI_Challenge_2012_Complete,resource_usage,adam,512,0.001
172415.26518518518,47,0.46533435631386016,142464.77037037036,0.4387114811133201,1.7855972922668693,142.75188827514648,1.8371959583422772,1677648642.8581462,hearty-sweep-4,0.00034454996688851455,cuda,50,BPI_Challenge_2012_Complete,resource_usage,sgd,256,0.0
2265.7355555555555,32,0.5026366105245211,1390.243611111111,0.4639662027833002,1.6173861976962691,96.87630724906921,1.7352252478153996,1677648369.2424002,twilight-sweep-10,7.527453076429949e-05,cuda,50,BPI_Challenge_2012_Complete,trace_time,sgd,512,0.0
0.00203458309173584,47,0.6150426850803161,0.0010678381390041775,0.5465333001988072,1.123454796292759,138.94532227516174,1.364194370643282,1677648258.4267974,solar-sweep-9,6.794861851171313e-05,cuda,50,BPI_Challenge_2012_Complete,trace_time,adam,512,0.01
0.0017619397905137804,49,0.7353525020398719,0.000887517046045374,0.679206013916501,0.8183996862673724,145.0367476940155,1.0459700007561898,1677648079.4783008,spring-sweep-7,0.00011691025084936011,cuda,50,BPI_Challenge_2012_Complete,trace_time,adam,512,0.01
47917.27407407408,43,0.448991024563711,32166.14814814815,0.41398484095427435,1.7820845660236753,134.38919711112976,1.8979758379710598,1677647906.0122,sandy-sweep-6,0.0002335226299527909,cuda,50,BPI_Challenge_2012_Complete,trace_time,sgd,512,0.001
4222.114074074074,48,0.4712286726827664,3193.2985185185184,0.4367855367793241,1.732985524524211,158.03365898132324,1.841602029667697,1677647759.773104,toasty-sweep-5,0.0001498250232003426,cuda,50,BPI_Challenge_2012_Complete,trace_time,sgd,512,0.001
128709.87851851851,4,0.43353671160473983,71680.2074074074,0.3874254473161034,1.847316546111037,19.87496256828308,1.9621490555302523,1677647440.4654236,tough-sweep-4,0.000896376409348337,cuda,50,BPI_Challenge_2012_Complete,trace_time,sgd,256,0.01
0.0016943544811672635,49,0.721627513304836,0.0008796505574826841,0.6645750497017893,0.8677764838711606,373.2207417488098,1.110357781290771,1677647385.3346698,worthy-sweep-2,0.00015033252346930277,cuda,50,BPI_Challenge_2012_Complete,trace_time,adam,512,0.01
0.0023738394843207467,41,0.5991743085747689,0.0011470530651233814,0.5366240059642147,1.175245970217928,320.6397662162781,1.3957993792255166,1677646931.6558433,worldly-sweep-1,5.431071466708178e-05,cuda,50,BPI_Challenge_2012_Complete,trace_time,adam,512,0.01
0.017258377075195314,43,0.8649247698766591,0.007282419557924624,0.7967320261437908,0.327441587048269,132.98896288871765,0.5482235220262948,1677646579.4357789,rural-sweep-10,0.0006866730977393189,cuda,50,BPI_Challenge_2012_A,resource_usage,adam,512,0.001
0.021153462727864582,24,0.8627343607395238,0.00866667217678494,0.7965867828612927,0.3369493813193784,89.68430733680725,0.5366647463132267,1677646342.7958584,giddy-sweep-9,0.0008064301764713828,cuda,50,BPI_Challenge_2012_A,resource_usage,adam,512,0.001
0.08400884557653357,10,0.8565803541161439,0.010840119962339047,0.7920116194625999,0.3606337680206196,19.973876476287842,0.5367222745953562,1677646194.2377024,dainty-sweep-8,0.0006275410579993202,cuda,50,BPI_Challenge_2012_A,resource_usage,adam,512,0.001
0.01967052318431713,21,0.8623432162507497,0.009633952953197338,0.7950617283950617,0.34015331807501853,38.8941810131073,0.5323174173016434,1677646128.471032,cosmic-sweep-7,0.00097508193811758,cuda,50,BPI_Challenge_2012_A,resource_usage,adam,512,0.001
0.03452365168818721,10,0.8555373021460795,0.010958918818721065,0.7909222948438634,0.35880515958940246,41.42451047897339,0.5389072267837773,1677645946.9880204,dandy-sweep-6,0.0007826182795845998,cuda,50,BPI_Challenge_2012_A,resource_usage,adam,512,0.001
0.018783452069317853,25,0.8650812276721688,0.008464681837293837,0.7942628903413217,0.33475156427719793,64.7081971168518,0.553993565887321,1677645816.011765,treasured-sweep-5,0.00048118298979415547,cuda,50,BPI_Challenge_2012_A,resource_usage,adam,512,0.001
0.0577568280255353,20,0.8604657227046337,0.011071176882143374,0.7907770515613652,0.34385602295129825,76.18641304969788,0.5459402337746077,1677645636.041568,effortless-sweep-4,0.000973476423905884,cuda,50,BPI_Challenge_2012_A,resource_usage,adam,512,0.001
0.025100041142216437,9,0.8502438133980026,0.011492868352819373,0.7878721859114016,0.38718868603252266,18.4185049533844,0.5704180962899152,1677645498.807147,fallen-sweep-3,0.000972451234195497,cuda,50,BPI_Challenge_2012_A,resource_usage,adam,512,0.01
103.88078703703704,47,0.7686510730397142,116.49950231481482,0.7363834422657952,0.6840188237765227,66.34245872497559,0.6958538085720032,1677645467.7836788,zany-sweep-2,0.0009516909339374292,cuda,50,BPI_Challenge_2012_A,resource_usage,sgd,512,0.001
0.033127992418077255,14,0.8601788834128661,0.010038187238905165,0.7958605664488018,0.3537644656732678,60.03750777244568,0.5480566701165298,1677645267.9395347,helpful-sweep-1,0.0004515860189002665,cuda,50,BPI_Challenge_2012_A,resource_usage,adam,512,0.001
0.0328287590874566,15,0.8548853946647892,0.011504026342321325,0.7920842411038489,0.3563384799395376,44.99087691307068,0.5114147089665232,1677645067.1382408,robust-sweep-10,0.0005555266966645598,cuda,50,BPI_Challenge_2012_A,trace_time,adam,64,0.001
0.03032199435763889,15,0.8535033508044538,0.011398945561161748,0.7917937545388526,0.35581345146782706,46.69434213638306,0.5158766026330669,1677644926.0921981,ruby-sweep-9,0.0003927030089352383,cuda,50,BPI_Challenge_2012_A,trace_time,adam,64,0.001
0.025150287769458914,15,0.8538684189939764,0.011281055874294704,0.7863471314451707,0.35561575490202557,46.46574831008911,0.522232390982393,1677644782.3994293,clean-sweep-8,0.0003931676054053587,cuda,50,BPI_Challenge_2012_A,trace_time,adam,64,0.001
0.027873204549153645,15,0.8536598085999635,0.011538961905020255,0.7951343500363108,0.3578958883320089,45.738914012908936,0.529221197852382,1677644528.130058,apricot-sweep-7,0.0006302723433099767,cuda,50,BPI_Challenge_2012_A,trace_time,adam,64,0.001
0.5323744484230324,15,0.853555503402957,0.011483566849320023,0.8013798111837328,0.3571061934311078,62.43272519111633,0.4829228009749948,1677644365.9391081,lunar-sweep-6,0.000699325402269105,cuda,50,BPI_Challenge_2012_A,trace_time,adam,64,0.001
0.12180194996021412,29,0.8154319538971029,0.05787079422562211,0.7720406681190994,0.5071954994988866,86.03716468811035,0.6338611608496938,1677644236.7466466,youthful-sweep-5,0.0008101125277922277,cuda,50,BPI_Challenge_2012_A,trace_time,sgd,64,0.001
0.6446580222800926,49,0.7892513494484863,0.9793107096354167,0.745679012345679,0.5429100989378391,75.9834852218628,0.6771776312230373,1677644139.4464512,chocolate-sweep-4,0.0009088886130646124,cuda,50,BPI_Challenge_2012_A,trace_time,sgd,256,0.001
0.01710946966100622,43,0.8485488539466479,0.008039173550075955,0.7819898329702252,0.4011549614001702,243.90460538864136,0.586457579224198,1677644015.7281163,mild-sweep-3,0.000820031917265891,cuda,50,BPI_Challenge_2012_A,trace_time,adam,64,0.01
16.041284722222223,26,0.7597590549949151,92.26052662037037,0.7267247639796659,0.6394243761160753,40.73530602455139,0.7504133166570809,1677643732.173199,radiant-sweep-2,0.0008249639504553708,cuda,50,BPI_Challenge_2012_A,trace_time,sgd,512,0.01
0.07217482955367477,18,0.829747842186237,0.03691205342610677,0.777124183006536,0.4621593387008052,34.87960743904114,0.602131629223917,1677643571.4873323,resilient-sweep-1,0.00010079538175625752,cuda,50,BPI_Challenge_2012_A,trace_time,sgd,256,0.0
0.14628896077473957,26,0.8405700712589074,0.00047472940550910103,0.8170703925886552,0.343574717399721,65.21022939682007,0.3998735765225343,1677643474.9428673,vocal-sweep-10,0.0006202241493284363,cuda,50,BPI_Challenge_2012_W_Complete,resource_usage,adam,64,0.001
0.1522675351743345,26,0.8405067300079176,0.0004510941770341661,0.823600880856557,0.3401861428138479,63.961451292037964,0.3946172047543068,1677643352.1457434,generous-sweep-9,0.0006184076916739004,cuda,50,BPI_Challenge_2012_W_Complete,resource_usage,adam,64,0.001
0.10150811089409723,33,0.8210292953285827,0.001526066815411603,0.8001366846381653,0.44740984853637283,45.04769992828369,0.5148041738637515,1677643258.168531,sweet-sweep-8,0.0006223614033527814,cuda,50,BPI_Challenge_2012_W_Complete,resource_usage,sgd,256,0.01
0.1132049560546875,28,0.8294853523357086,0.0014303630369680899,0.8097805452198344,0.3862090327828438,57.82623791694641,0.44588862635278426,1677643165.3741488,misty-sweep-7,0.0005354205444716119,cuda,50,BPI_Challenge_2012_W_Complete,resource_usage,sgd,64,0.001
0.08011074490017361,46,0.81729216152019,0.0021971319339893483,0.7996051332675223,0.46473285509118556,55.6754264831543,0.5216314606790038,1677643094.3048465,dauntless-sweep-6,0.0008502181538353472,cuda,50,BPI_Challenge_2012_W_Complete,resource_usage,sgd,512,0.01
0.1634803150318287,39,0.8277117973079968,0.0006734812701189959,0.8033259928620244,0.41316054465651797,78.99338865280151,0.48001255824051897,1677643012.2527566,jolly-sweep-5,0.00027459868011200033,cuda,50,BPI_Challenge_2012_W_Complete,resource_usage,sgd,64,0.0
0.2551130054615162,30,0.8469041963578781,0.0004280033817997685,0.8106158402308452,0.3344114182340844,39.90484309196472,0.43094965771866944,1677642896.875169,fiery-sweep-4,0.0007344750069408928,cuda,50,BPI_Challenge_2012_W_Complete,resource_usage,adam,512,0.001
0.1700578138563368,30,0.8433254156769596,0.0007899584593596281,0.8022628901207381,0.35456136538127253,91.05161809921265,0.45044884754843967,1677642782.131153,major-sweep-3,0.0004599817690442131,cuda,50,BPI_Challenge_2012_W_Complete,resource_usage,adam,512,0.001
0.06714723375108507,48,0.8308155186064925,0.002464546097649468,0.8202597008125142,0.39439084028593624,181.19049668312073,0.424146969494547,1677642671.0511048,electric-sweep-2,0.0005053739658330011,cuda,50,BPI_Challenge_2012_W_Complete,resource_usage,adam,64,0.01
0.09924077917028357,35,0.8384164687252573,0.0016834656397501627,0.8112992634216721,0.3686568746006121,114.71165084838867,0.43647231924587254,1677642439.297396,ethereal-sweep-1,0.0006201074268539605,cuda,50,BPI_Challenge_2012_W_Complete,resource_usage,adam,512,0.01
0.0948130515769676,28,0.8305621536025336,0.0017347326985111943,0.8128939175336016,0.378378304408263,66.21576619148254,0.423708710142543,1677642220.5100303,restful-sweep-10,0.000824459414062948,cuda,50,BPI_Challenge_2012_W_Complete,trace_time,sgd,64,0.001
0.11206943088107639,37,0.8334125098970705,0.0013436088738618074,0.8140329561849798,0.36884329396774157,111.95607542991638,0.41711064189394115,1677642111.4178414,different-sweep-9,0.0009795020366736309,cuda,50,BPI_Challenge_2012_W_Complete,trace_time,sgd,64,0.001
0.137357098614728,31,0.831353919239905,0.0013469593613236039,0.8142607639152555,0.37816193358820765,110.38691139221191,0.42616265287105276,1677641911.9048033,cool-sweep-8,0.000835919110819005,cuda,50,BPI_Challenge_2012_W_Complete,trace_time,sgd,64,0.001
0.05033654106987847,28,0.8269200316706254,0.007180601049352575,0.8168425848583796,0.4136188815759461,62.93259310722351,0.43862006456798186,1677641743.83327,fluent-sweep-7,0.0009454395041288372,cuda,50,BPI_Challenge_2012_W_Complete,trace_time,sgd,64,0.01
0.093726235848886,28,0.8306254948535233,0.0021404587780987773,0.8129698534436935,0.37850596376760365,81.90278840065002,0.4232624669862197,1677641598.3366854,divine-sweep-6,0.0009984151914497993,cuda,50,BPI_Challenge_2012_W_Complete,trace_time,sgd,64,0.001
0.14386473479094328,31,0.830910530482977,0.0011302549750716597,0.8098564811299264,0.37498831953213313,61.87595891952515,0.4295421003417279,1677641473.038893,daily-sweep-5,0.0009603889041803088,cuda,50,BPI_Challenge_2012_W_Complete,trace_time,sgd,64,0.0
0.04796833744755498,28,0.8253365003958828,0.007756890897397642,0.8135014048143367,0.4140920921006282,58.19053554534912,0.4356512596697912,1677641364.8044624,polished-sweep-4,0.0008968496705150213,cuda,50,BPI_Challenge_2012_W_Complete,trace_time,sgd,64,0.01
0.1161574074074074,33,0.8267933491686461,0.0009984029663933649,0.8028703774014732,0.4125023212795303,43.85107231140137,0.4819243562340112,1677641271.7177703,misunderstood-sweep-3,0.0008360418930823836,cuda,50,BPI_Challenge_2012_W_Complete,trace_time,sgd,256,0.0
0.13842305501302082,49,0.7099287410926366,0.054816838017216436,0.6849419090287797,0.7853741716111546,65.39564490318298,0.8419108697951487,1677641219.42974,restful-sweep-2,2.5397647421488495e-05,cuda,50,BPI_Challenge_2012_W_Complete,trace_time,adam,256,0.0
0.1524846394856771,37,0.8335708630245448,0.000684006479051378,0.8094768015794669,0.37214521009395357,144.13991832733154,0.4273627051252359,1677641092.8597324,visionary-sweep-1,0.0007490419045827601,cuda,50,BPI_Challenge_2012_W_Complete,trace_time,sgd,64,0.0
9.446157526233922e+16,15,0.6619736094450407,61400.74074074074,0.6251018744906276,0.9543412251675383,13.801769971847534,1.0711742834823348,1677640919.717102,autumn-sweep-10,0.00021778076540499177,cuda,50,BPI_Challenge_2012_O,resource_usage,sgd,512,0.001
39975274918993420,6,0.66140539175453,68949.43407407407,0.6344743276283619,0.949670407189377,15.638154983520508,1.0670532879703754,1677640834.003714,vague-sweep-9,0.000455513095340562,cuda,50,BPI_Challenge_2012_O,resource_usage,sgd,256,0.001
26844581278869384,7,0.6617210682492581,72869.44,0.6344743276283619,0.9446416645762339,9.408069372177124,1.0638205252144526,1677640784.8639455,toasty-sweep-8,0.000603039677433362,cuda,50,BPI_Challenge_2012_O,resource_usage,sgd,256,0.001
15619468344358144,0,0.5675232022223625,339215209.81333333,0.6333876663950013,1.3316511459833473,5.564446926116943,1.049207368417785,1677640738.728298,solar-sweep-7,0.0005589720128343603,cuda,50,BPI_Challenge_2012_O,resource_usage,sgd,256,0.001
13792337386160638,2,0.6620367447439863,80680.96592592592,0.6333876663950013,0.959916561380978,7.65380334854126,1.0550437505981645,1677640682.4489484,glamorous-sweep-6,0.00019966670766746007,cuda,50,BPI_Challenge_2012_O,resource_usage,sgd,64,0.001
8.205742913241286e+16,6,0.6620367447439863,66829.86666666667,0.6333876663950013,0.9502941552862177,9.118940114974976,1.0694281876459617,1677640640.8037002,vital-sweep-5,0.0003712090506315845,cuda,50,BPI_Challenge_2012_O,resource_usage,sgd,256,0.001
21417312067767404,2,0.6624786918366058,96917.11407407408,0.6251018744906276,0.9428403094242495,11.128344297409058,1.0583721629564804,1677640518.6007073,helpful-sweep-4,0.0005924118177336379,cuda,50,BPI_Challenge_2012_O,resource_usage,sgd,64,0.001
788693562368202000,1,0.6615316623524212,88733.49333333333,0.6333876663950013,0.9485430230440475,9.27530312538147,1.0595572039148984,1677640400.5220132,dark-sweep-3,0.0005553133375035033,cuda,50,BPI_Challenge_2012_O,resource_usage,sgd,64,0.001
1.281303935546937e+17,1,0.6609634446619105,92621.93777777778,0.6344743276283619,0.948980605431417,6.751955986022949,1.0399489741518393,1677640339.527471,sweet-sweep-2,0.0006631771599600731,cuda,50,BPI_Challenge_2012_O,resource_usage,sgd,64,0.01
2859312158927263.5,0,0.6416440431845445,8706692364.515556,0.6350176582450421,1.024260895451976,9.773683786392212,1.0785463425621524,1677640255.5079858,stellar-sweep-1,0.0006892398716038476,cuda,50,BPI_Challenge_2012_O,resource_usage,adam,64,0.0
1.1707950841826678e+16,15,0.6610897152598018,40146.72592592592,0.6333876663950013,0.9264748483506768,21.681163549423218,1.0790965030841677,1677640194.9296196,blooming-sweep-10,0.0001853630909109207,cuda,50,BPI_Challenge_2012_O,trace_time,sgd,64,0.001
30924524899484.254,1,0.6631100448260623,635974.2103703704,0.6333876663950013,0.9428980084100496,6.244112014770508,1.0707671193770822,1677640132.066019,peach-sweep-9,0.0007274580301226296,cuda,50,BPI_Challenge_2012_O,trace_time,adam,256,0.001
37669023395397.02,2,0.6625418271355515,1107069.44,0.6350176582450421,0.9411518385828922,6.883098125457764,1.0735878745552898,1677640090.4135332,lunar-sweep-8,0.0007901806654157751,cuda,50,BPI_Challenge_2012_O,trace_time,adam,512,0.001
3228452419400086.5,1,0.6611528505587474,40510.71111111111,0.6333876663950013,1.0087775754066073,6.310249328613281,1.0628873745859462,1677640045.4102974,dutiful-sweep-7,0.0008707095757109857,cuda,50,BPI_Challenge_2012_O,trace_time,sgd,512,0.001
568.7284259259259,39,0.787675989645811,0.056373822247540506,0.771801140994295,0.5238119545658171,30.769554376602173,0.6911211247775776,1677640022.0450704,sage-sweep-6,0.0007596508409701617,cuda,50,BPI_Challenge_2012_O,trace_time,adam,256,0.001
1.4536359801162448e+16,20,0.6606477681671823,34968.94222222222,0.6333876663950013,0.927387803196493,17.56894540786743,1.0613430608261283,1677639965.6212704,comic-sweep-5,0.0003243468791303779,cuda,50,BPI_Challenge_2012_O,trace_time,sgd,256,0.0
3113050325921155.0,12,0.6609634446619105,40262.36444444444,0.6333876663950013,0.9317279925844014,19.18825912475586,1.0919548084281832,1677639909.3849502,classic-sweep-4,0.0004506081263397913,cuda,50,BPI_Challenge_2012_O,trace_time,sgd,256,0.01
2779153485383841.0,15,0.6600795504766716,38852.95111111111,0.6312143439282804,0.9410054830335534,13.8569917678833,1.0659093782973659,1677639849.5756989,absurd-sweep-3,0.00042884877353042945,cuda,50,BPI_Challenge_2012_O,trace_time,sgd,512,0.001
2760135802875339.5,11,0.6603952269713997,38367.79555555555,0.634745992936702,0.9306349857745052,12.146363019943237,1.0619132663205537,1677639796.1502771,vibrant-sweep-2,0.0005108845735774646,cuda,50,BPI_Challenge_2012_O,trace_time,sgd,256,0.01
4074286353321723.0,2,0.6616579329503125,63914.16888888889,0.634745992936702,0.9394634533307793,13.702501773834229,1.058143778619349,1677639675.9533548,distinctive-sweep-1,0.0009032929830893894,cuda,50,BPI_Challenge_2012_O,trace_time,sgd,64,0.001
0.00016611188650131225,44,0.6079895314017806,0.00013328098588519626,0.541428888306346,1.1280774801765443,196.01599860191345,1.3903219129762725,1677639628.7845447,lunar-sweep-10,0.0007900094526524006,cuda,50,BPI_Challenge_2012,resource_usage,adam,512,0.0
0.00015762086267824527,45,0.5841301188956592,0.00013157557558130334,0.5244903309068177,1.2445361166743856,202.31021857261658,1.4410339136170387,1677639405.4949386,happy-sweep-9,0.0005918482820588408,cuda,50,BPI_Challenge_2012,resource_usage,adam,512,0.01
0.00012290389449508103,47,0.7970986569045383,0.00010162072049246894,0.7336613498417052,0.5473370249357544,207.4576632976532,0.8165219466575816,1677639183.0036542,zesty-sweep-8,0.0007398561445714974,cuda,50,BPI_Challenge_2012,resource_usage,adam,512,0.0
0.00016267198103445547,48,0.6048746417475495,0.00013639936844507853,0.5470347442076183,1.1764768406307466,296.3019473552704,1.370192839591113,1677638952.1499403,sparkling-sweep-7,0.000974575640410258,cuda,50,BPI_Challenge_2012,resource_usage,adam,256,0.001
727.4119444444444,33,0.501762160513154,222.32252314814815,0.47060958641689016,1.5576375291699744,149.37092781066895,1.6287164683422846,1677638502.6221757,polar-sweep-6,0.0008149303580757927,cuda,50,BPI_Challenge_2012,resource_usage,adam,512,0.001
5245.994074074074,49,0.4280645135393335,6226.184444444444,0.39061523260269,1.9359679478856275,397.39160227775574,1.9613328803936805,1677638343.4938922,genial-sweep-5,0.0005470914234086066,cuda,50,BPI_Challenge_2012,resource_usage,sgd,256,0.01
615.9926851851852,38,0.5009111855045238,209.28175925925925,0.471113710149019,1.558858636774717,348.74122405052185,1.630369300245265,1677637841.6151102,revived-sweep-4,0.0007854165267275223,cuda,50,BPI_Challenge_2012,resource_usage,adam,64,0.001
0.00013968603478537665,45,0.6809726804909966,0.00011560745813228466,0.6174910770099413,0.8885043283398802,269.95505595207214,1.1280169146782724,1677637464.640046,swept-sweep-3,0.0009082894689656614,cuda,50,BPI_Challenge_2012,resource_usage,adam,256,0.001
0.0001760702994134691,49,0.5272271862431059,0.00015338616238700018,0.4931136698191204,1.4296657521756684,395.03685569763184,1.5335919441399606,1677637182.8807137,fallen-sweep-2,0.000893161454648001,cuda,50,BPI_Challenge_2012,resource_usage,adam,256,0.01
1301.1421296296296,45,0.46183055963648917,501.0899074074074,0.4338287189207719,1.7458275117914188,215.21636772155762,1.7932173336043322,1677636753.5084507,flowing-sweep-1,0.00012877932505344836,cuda,50,BPI_Challenge_2012,resource_usage,sgd,512,0.0
0.00010766418995680632,49,0.8675770493645786,9.284274445639717e-05,0.8333366941582142,0.3866032517291861,240.9418580532074,0.5184815003676196,1677636523.431579,giddy-sweep-10,0.0002606759658355486,cuda,50,BPI_Challenge_2012,trace_time,adam,256,0.01
0.00014508979188071356,49,0.7271180045438854,0.00012690409466072365,0.6862535540723115,0.8970491920744761,219.1442174911499,1.0676863879979201,1677636274.7132585,sage-sweep-9,2.6192884025159197e-05,cuda,50,BPI_Challenge_2012,trace_time,adam,512,0.01
0.00010939347523230094,49,0.8636192127678364,9.361228457203618e-05,0.8266016010969732,0.3994284428482462,243.62369441986084,0.5369817080071491,1677636046.0561924,crisp-sweep-8,0.00017217148687522472,cuda,50,BPI_Challenge_2012,trace_time,adam,256,0.01
0.00011051489247216119,49,0.8626317606351805,9.269185640193798e-05,0.8248674154584501,0.3993464444401255,219.35486674308777,0.5455824764535305,1677635786.3666918,fearless-sweep-7,0.00021114356207830147,cuda,50,BPI_Challenge_2012,trace_time,adam,512,0.01
0.00012663431741573192,47,0.8243138010484654,0.00010734766721725463,0.7830049807424734,0.5470214931586258,209.59613394737244,0.7354826459780605,1677635548.252575,eternal-sweep-6,4.9443507948545354e-05,cuda,50,BPI_Challenge_2012,trace_time,adam,512,0.001
0.00010702214859150074,46,0.8736221831523004,9.29624394134239e-05,0.8287794156197698,0.33372491444216523,286.94483256340027,0.5200593656166763,1677635295.3556445,clear-sweep-5,0.0001945160489906647,cuda,50,BPI_Challenge_2012,trace_time,adam,512,0.001
109.45118055555555,41,0.5038655138363719,85.43166666666667,0.4648020810227662,1.6118347289129404,183.0528118610382,1.7179551989838302,1677634964.2361848,worthy-sweep-4,0.00016124049054198433,cuda,50,BPI_Challenge_2012,trace_time,sgd,512,0.001
0.00010834034946229723,49,0.8884981896710902,9.263256081828365e-05,0.844145106975056,0.29893974653280897,239.09484672546387,0.49926313459518634,1677634771.1356428,avid-sweep-3,0.00014775520145443284,cuda,50,BPI_Challenge_2012,trace_time,adam,256,0.0
0.00010890548979794538,46,0.8880405899022984,9.400784969329834e-05,0.8497106329777581,0.3127221388247713,206.16357111930847,0.4645493239682983,1677634511.2835171,royal-sweep-2,0.00011561893201737748,cuda,50,BPI_Challenge_2012,trace_time,adam,512,0.001
351.00881944444444,49,0.462561113653332,274.0508796296296,0.437680224234236,1.806777686465161,248.04113054275513,1.904519262911632,1677634296.6436265,distinctive-sweep-1,0.00021848359194160763,cuda,50,BPI_Challenge_2012,trace_time,sgd,256,0.01
33.38916087962963,19,0.8663630331989163,0.0004084991967236554,0.8048316542523553,0.4208308330574621,783.732617855072,0.6194194937527212,1677632983.797325,soft-sweep-10,0.0009049828743876272,cuda,50,bpi19,resource_usage,sgd,64,0.001
12.4348046875,5,0.8572578532654939,0.0007000846774489791,0.8200447897252626,0.4562730586140903,486.7384524345398,0.5976732391806998,1677629712.2384815,pretty-sweep-9,0.0006193102399589067,cuda,50,bpi19,resource_usage,sgd,64,0.001
23.476060474537036,19,0.8682597863475838,0.0003512795766194661,0.8181618279673193,0.414933497128182,1467.7502427101135,0.5948478035633933,1677627234.2302186,different-sweep-8,0.0006079101858283742,cuda,50,bpi19,resource_usage,sgd,64,0.001
5.274781901041667,0,0.8121086273587521,0.009403412430374711,0.8196946698519035,0.6137212143531695,32.69932270050049,0.5985771073746267,1677624146.0214436,eager-sweep-7,0.0008409194434004404,cuda,50,bpi19,resource_usage,adam,256,0.001
21.911705729166666,17,0.867586744907734,0.0003363214819519608,0.8116269686237086,0.42065609093567147,431.7099859714508,0.6146660630784936,1677623357.0748649,deft-sweep-6,0.0006975109509175632,cuda,50,bpi19,resource_usage,sgd,256,0.001
8.596195023148148,15,0.8706517603284136,0.0003315414543505068,0.802628460902925,0.40204185748312077,390.9613664150238,0.6326143630977732,1677621928.8782234,fresh-sweep-5,0.0006313435328657053,cuda,50,bpi19,resource_usage,adam,256,0.001
74.02701967592593,9,0.8579404549530687,0.0005405180984073215,0.8119536048470254,0.45058790667330983,397.0593137741089,0.5919908237753612,1677619138.3943129,divine-sweep-4,0.0009895648917792482,cuda,50,bpi19,resource_usage,adam,64,0.001
6.707037760416667,2,0.8580532658762254,0.0008025125220969871,0.7962195593186325,0.4401019670377228,74.24364066123962,0.6555032188349252,1677616267.0100267,soft-sweep-3,0.0008396036112993632,cuda,50,bpi19,resource_usage,adam,512,0.0
24.642902199074076,16,0.8477607031753407,0.0005711295869615343,0.8163514520367796,0.5232151164736191,424.9419186115265,0.6602214238091137,1677615379.5713105,astral-sweep-2,0.0007325655375585696,cuda,50,bpi19,resource_usage,adam,256,0.01
98.08511574074075,24,0.8542157824393546,0.00045328497886657713,0.8176387830345573,0.5043267206603012,1488.3432657718658,0.6472502076106726,1677614087.5503018,fallen-sweep-1,0.0003225308564670436,cuda,50,bpi19,resource_usage,sgd,512,0.01
13.504097222222223,24,0.8626804257751927,0.00035171243879530164,0.8099831131207422,0.4398404028038385,1729.8187634944916,0.6199136099468876,1677610881.8499205,sweet-sweep-10,5.9692161926799325e-05,cuda,50,bpi19,trace_time,sgd,64,0.001
27.67741898148148,17,0.8680456367985407,0.0003559129547189783,0.8217868495829517,0.41785468941452636,903.5833518505096,0.5866261477895012,1677607150.0026848,astral-sweep-9,0.0003955577511533511,cuda,50,bpi19,trace_time,sgd,64,0.001
23.141365740740742,17,0.8670475469360363,0.0004153993394639757,0.8168510133194993,0.42296520238568414,977.0641212463379,0.5955369004228808,1677604386.8868864,stilted-sweep-8,0.0007429312434070856,cuda,50,bpi19,trace_time,sgd,64,0.001
31.588504050925927,20,0.867722500425431,0.00036222438017527263,0.8150940093208742,0.4178256409353472,1202.397343158722,0.5920415748624992,1677601591.666057,blooming-sweep-7,0.0006514601681945761,cuda,50,bpi19,trace_time,sgd,64,0.001
38.14754918981482,15,0.8585312782624823,0.00045312682787577313,0.8197651208020307,0.4611841618897696,604.7359488010406,0.599025960822008,1677598816.9562497,expert-sweep-6,0.0003954189440765568,cuda,50,bpi19,trace_time,sgd,512,0.001
47.425703125,15,0.8556918846881161,0.00048592920656557434,0.8204205281259407,0.4756043913945191,839.49937915802,0.6026862896482983,1677596090.5351002,radiant-sweep-5,0.0002573339599769095,cuda,50,bpi19,trace_time,sgd,512,0.001
43.93436631944444,15,0.8524815535020144,0.0005160849182694046,0.8190264532643341,0.4904495749116235,459.1249945163727,0.6199629659200581,1677594203.2848644,misunderstood-sweep-4,0.0002032408216373292,cuda,50,bpi19,trace_time,sgd,512,0.001
8.156234809027778,6,0.8645867391715855,0.0005712976279082122,0.8095838910700218,0.41954613553749875,270.7895324230194,0.6177087415111162,1677591478.9647365,worldly-sweep-3,0.0001907604538832815,cuda,50,bpi19,trace_time,adam,512,0.0
6.0206127025462965,19,0.8511851839104855,0.0005233657360076905,0.8237552064319582,0.5147400891529739,675.5951280593872,0.6395123155013236,1677590143.873804,royal-sweep-2,0.0001958273538906923,cuda,50,bpi19,trace_time,sgd,256,0.01
17.63587528935185,15,0.8671603578591929,0.0003687502940495809,0.8051433463347359,0.4147738038808277,830.7144949436188,0.6099408322267325,1677587475.175706,stoic-sweep-1,0.0008902036930677496,cuda,50,bpi19,trace_time,adam,256,0.001
18531.456296296295,43,0.7012705299039356,0.03024804291901765,0.6199032480995162,0.8322004625809831,18.620935678482056,1.0138691285600643,1677586630.0898798,elated-sweep-10,0.0006854771846883384,cuda,50,BPI_Challenge_2013_closed_problems,resource_usage,adam,512,0.001
16924.74962962963,43,0.6994112178493957,0.024426586009837964,0.626123013130615,0.8311815158220722,19.675151586532593,1.0199797964129023,1677586599.3132186,vibrant-sweep-9,0.0007100527923724278,cuda,50,BPI_Challenge_2013_closed_problems,resource_usage,adam,512,0.001
21868.859259259258,38,0.6994112178493957,0.019645111649124712,0.6150656530753282,0.8279030402267463,10.377033948898315,1.0122429333889822,1677586558.271525,revived-sweep-8,0.0007048242932476412,cuda,50,BPI_Challenge_2013_closed_problems,resource_usage,adam,512,0.001
19485.841481481482,43,0.702819956616052,0.01431703355577257,0.6143745680718729,0.8140452652107573,19.431079387664795,1.012299208535601,1677586535.7901113,light-sweep-7,0.0008235701554133575,cuda,50,BPI_Challenge_2013_closed_problems,resource_usage,adam,512,0.001
16834.668148148146,40,0.7009606445615122,0.029664606165002893,0.61782999308915,0.8358250715468815,18.671610355377197,1.0129229847776866,1677586504.1097875,fiery-sweep-6,0.0006319562709431907,cuda,50,BPI_Challenge_2013_closed_problems,resource_usage,adam,512,0.001
19727.195555555554,40,0.6901146575766967,0.42854297779224537,0.6254319281271596,0.8706062720181738,10.539336204528809,1.0265176424752784,1677586459.6246493,vital-sweep-5,0.0004540645502956313,cuda,50,BPI_Challenge_2013_closed_problems,resource_usage,adam,512,0.001
15854.543703703705,40,0.6956925937403161,0.14187887686270254,0.6240497581202488,0.8664277103023335,16.053526639938354,1.0209334149143163,1677586435.7405446,genial-sweep-4,0.0005004535386451342,cuda,50,BPI_Challenge_2013_closed_problems,resource_usage,adam,512,0.001
16767.244444444445,31,0.6916640842888131,0.01486770064742477,0.6033172080165861,0.8700859056266794,11.430649280548096,1.076514849600169,1677586374.6729443,kind-sweep-3,0.0001636243225237723,cuda,50,BPI_Challenge_2013_closed_problems,resource_usage,sgd,64,0.0
37354.613333333335,43,0.672141307716145,0.053678148057725694,0.5957152729785764,0.9712658788827613,10.801897764205933,1.1437117784865247,1677586342.9350307,clear-sweep-2,0.00018403442447676737,cuda,50,BPI_Challenge_2013_closed_problems,resource_usage,sgd,256,0.0
19885.937777777777,40,0.6938332816857763,0.6515458170572916,0.6288873531444368,0.8719800780312285,12.476532936096191,1.0222533092304353,1677586292.997712,fast-sweep-1,0.000445692221031918,cuda,50,BPI_Challenge_2013_closed_problems,resource_usage,adam,512,0.01
88371.70962962964,38,0.7077781220948249,0.0195956293741862,0.6288873531444368,0.812620972271929,14.16689920425415,0.9952973152904075,1677586265.0967863,hardy-sweep-10,0.0009876752281412229,cuda,50,BPI_Challenge_2013_closed_problems,trace_time,sgd,64,0.001
77973.92592592593,38,0.7031298419584754,0.02190011907506872,0.6323427781617139,0.818499667858021,12.892274141311646,0.995810743604105,1677586231.358894,rose-sweep-9,0.0009537013418411684,cuda,50,BPI_Challenge_2013_closed_problems,trace_time,sgd,64,0.001
55354.891851851855,31,0.7015804152463588,0.03233841790093316,0.6212854181064271,0.8227521987902627,12.203218221664429,1.0051536143196806,1677586183.8541791,leafy-sweep-8,0.000756601779069307,cuda,50,BPI_Challenge_2013_closed_problems,trace_time,sgd,64,0.001
86131.33037037037,38,0.6975519057948559,0.02203134889955874,0.6316516931582584,0.8219241469609024,12.973587274551392,0.9900813519995874,1677586153.6157453,super-sweep-7,0.0008939417664099598,cuda,50,BPI_Challenge_2013_closed_problems,trace_time,sgd,64,0.001
50494.251851851855,46,0.68949488689185,0.11781684027777778,0.6226675881133379,0.8977930810121253,11.055371046066284,1.0672558766442821,1677586130.704164,decent-sweep-6,0.0009586500164535604,cuda,50,BPI_Challenge_2013_closed_problems,trace_time,sgd,512,0.001
79984.42074074074,31,0.7056089246978617,0.022345024391456886,0.6434001382170007,0.8126065790708641,12.376213312149048,0.9902702468217613,1677586082.5647502,dark-sweep-5,0.0009273804700439988,cuda,50,BPI_Challenge_2013_closed_problems,trace_time,sgd,64,0.001
56802.42962962963,31,0.702819956616052,0.05064750953956887,0.6295784381478922,0.8267210355512786,13.44984221458435,0.9957773365806364,1677586047.8003151,fanciful-sweep-4,0.0009201686426658586,cuda,50,BPI_Challenge_2013_closed_problems,trace_time,sgd,64,0.01
355053760356606.9,43,0.6234893089556864,343877937306689.25,0.5749827228749136,1.0680720487688582,11.094145774841309,1.2254202432606083,1677586025.3742797,efficient-sweep-3,0.00012606730724230402,cuda,50,BPI_Challenge_2013_closed_problems,trace_time,adam,512,0.01
31078.714074074072,46,0.7037496126433219,0.008166722191704645,0.6371803731859018,0.8174403446135153,11.536598682403564,1.0062381808479326,1677586004.4146726,curious-sweep-2,0.0008970461848223935,cuda,50,BPI_Challenge_2013_closed_problems,trace_time,adam,512,0.01
42856.20444444445,8,0.6839169507282306,0.765232837818287,0.6247408431237043,0.8785063762726856,12.011328220367432,1.0007034840877087,1677585966.1726341,rose-sweep-1,0.0009558919803649818,cuda,50,BPI_Challenge_2013_closed_problems,trace_time,adam,64,0.0
0.023774405585394964,30,0.8007963489032739,0.00012191596958372327,0.7565618073647782,0.4795248895982101,93.17801070213318,0.6157362864441813,1677585853.4996836,astral-sweep-10,0.000792795370034734,cuda,50,bpi_challenge_2013_incidents,resource_usage,sgd,256,0.001
0.02238635027850116,32,0.7980719973920738,0.000168132362542329,0.7570089823851927,0.4879927246415032,74.60752296447754,0.6210467083372456,1677585705.496763,zany-sweep-9,0.00015688721684763263,cuda,50,bpi_challenge_2013_incidents,resource_usage,adam,512,0.0
0.03224212363914207,38,0.777767428864155,0.0003071245440730342,0.7566590193257379,0.5240391619697456,122.16639304161072,0.5835324348041308,1677585576.10619,fresh-sweep-8,0.00041876350264936967,cuda,50,bpi_challenge_2013_incidents,resource_usage,sgd,64,0.0
0.02282620465313947,38,0.7930889954826992,0.00013908177614212037,0.7510790527666524,0.49960164925151956,136.1989724636078,0.6280815808019413,1677585364.9223425,fluent-sweep-7,0.0008705876749847453,cuda,50,bpi_challenge_2013_incidents,resource_usage,sgd,256,0.01
0.02864127547652633,34,0.8063381921482793,8.063314689530267e-05,0.7679356067970603,0.4627361192640736,130.33393907546997,0.5838324086970283,1677585163.91624,northern-sweep-6,0.0007120987149889913,cuda,50,bpi_challenge_2013_incidents,resource_usage,adam,64,0.001
0.0324059662995515,34,0.8200065198155824,7.568031549453735e-05,0.7778706692071392,0.4455043265584495,226.0185546875,0.5746234274440816,1677584906.0099056,floral-sweep-5,0.000620589214712785,cuda,50,bpi_challenge_2013_incidents,resource_usage,adam,64,0.001
0.029526827776873554,34,0.8193545382573464,7.388169566790263e-05,0.7769763191663103,0.44816409657860107,232.7047951221466,0.5754728681118625,1677584565.4517312,flowing-sweep-4,0.0007505669914066277,cuda,50,bpi_challenge_2013_incidents,resource_usage,adam,64,0.001
0.023439448321307146,21,0.8056396404787407,0.00013035825005284062,0.7718046428432555,0.47968485742406286,120.55071306228638,0.5821796405712655,1677584143.5377991,vague-sweep-3,0.0008495682114297319,cuda,50,bpi_challenge_2013_incidents,resource_usage,adam,64,0.001
0.02540706775806568,38,0.7941368229870069,0.00012756896239739878,0.7499125092351363,0.4967818318026559,93.79478025436401,0.6415211041306395,1677583980.7935843,stilted-sweep-2,0.0003503687758290896,cuda,50,bpi_challenge_2013_incidents,resource_usage,sgd,256,0.0
0.023741915667498552,30,0.8056862105900433,0.00014588640795813667,0.7606447097250846,0.46942072234610976,166.57886481285095,0.606126055010751,1677583823.0981429,sunny-sweep-1,0.00014180601749243026,cuda,50,bpi_challenge_2013_incidents,resource_usage,adam,256,0.001
0.039964579829463255,15,0.7913659013645042,0.00017447904304221823,0.763522183769491,0.4975538595484537,58.72865891456604,0.6118737046745576,1677583492.495401,expert-sweep-10,0.0009896738889641327,cuda,50,bpi_challenge_2013_incidents,trace_time,adam,512,0.001
0.030604948820891202,24,0.8063847622595818,0.0001229980808717233,0.7630166815725007,0.47010089267517663,57.55883002281189,0.6141120168735086,1677583372.84791,wild-sweep-9,0.0008323473078215822,cuda,50,bpi_challenge_2013_incidents,trace_time,adam,512,0.001
0.02552430612069589,14,0.7870581660690169,0.0001857127966704192,0.7525566745732395,0.502324952228387,38.01756763458252,0.6132668681133033,1677583170.5014896,sunny-sweep-8,0.0008984534077936477,cuda,50,bpi_challenge_2013_incidents,trace_time,adam,512,0.001
0.029596772370515046,9,0.7785591207562986,0.00023507118225097657,0.7504374538243186,0.5197425394305162,51.826430559158325,0.6115578145452767,1677582996.3383315,wild-sweep-7,0.0009311150974950476,cuda,50,bpi_challenge_2013_incidents,trace_time,adam,512,0.001
0.09830127857349537,9,0.7603734922926466,0.00032483211270085087,0.7216238285958705,0.5580104656025843,53.628061294555664,0.6598812560250471,1677582688.8397782,robust-sweep-6,0.0009935464235621674,cuda,50,bpi_challenge_2013_incidents,trace_time,adam,64,0.01
0.025053801359953703,22,0.7711777581148419,0.00018360555171966552,0.7502624722945911,0.5323695780145813,71.4464259147644,0.6334984651429382,1677582528.737154,snowy-sweep-5,0.0009821997706789551,cuda,50,bpi_challenge_2013_incidents,trace_time,adam,256,0.01
0.03889142636899595,38,0.7910399105853863,0.00010188199855663158,0.7534121398296847,0.5036750760846992,180.97294974327087,0.6349840614191874,1677582383.0663466,soft-sweep-4,0.000959016054276406,cuda,50,bpi_challenge_2013_incidents,trace_time,adam,256,0.01
0.02861434371383102,9,0.7813533274344525,0.00020453150625582094,0.7413772990628767,0.5162338000541239,34.10387849807739,0.629842334885376,1677582006.8057384,clean-sweep-3,0.0008776430795042642,cuda,50,bpi_challenge_2013_incidents,trace_time,adam,512,0.0
0.0404734773989077,24,0.7611884692404415,0.0002328901599954676,0.7128747521094996,0.5867044641281748,142.7754397392273,0.7766275160322016,1677581811.4531927,absurd-sweep-2,6.760072674905115e-05,cuda,50,bpi_challenge_2013_incidents,trace_time,sgd,256,0.0
0.04159754717791522,21,0.8039631164718484,7.233778635660808e-05,0.7657969436559474,0.4664146874375988,162.72176313400269,0.610983346779795,1677581484.3259,ancient-sweep-1,0.0007648621728067841,cuda,50,bpi_challenge_2013_incidents,trace_time,adam,64,0.0
8.3482320661898e-05,27,0.9084861015104266,5.60686433756793e-05,0.8960687648321845,0.318764346812742,1985.9711589813232,0.3523197149116315,1677580105.72675,helpful-sweep-10,0.0008044838325101575,cuda,50,bpi17,resource_usage,sgd,512,0.01
8.292846657611706e-05,42,0.9130454274850307,5.078237365793299e-05,0.8984807605379139,0.24672121701549415,2373.1025688648224,0.28590345722508975,1677577519.3307989,wobbly-sweep-9,0.000983191804308943,cuda,50,bpi17,resource_usage,sgd,256,0.001
9.917189677556356e-05,27,0.9135010473000095,5.079896361739547e-05,0.8999675104531586,0.24399905466643418,1086.844288110733,0.29672859911057003,1677573674.681195,gallant-sweep-8,0.0003042029563946711,cuda,50,bpi17,resource_usage,adam,512,0.001
8.087416489919026e-05,8,0.9119871800886843,5.858721556486907e-05,0.8982688721889479,0.2427978368917077,281.8048131465912,0.27907324443497705,1677571339.460277,solar-sweep-7,0.0008824793961668403,cuda,50,bpi17,resource_usage,adam,512,0.0
9.553479927557487e-05,20,0.914991977129345,5.270400532969722e-05,0.9005537348852978,0.23308883385992274,1819.7013409137726,0.2841862802155773,1677567351.26714,blooming-sweep-6,0.00019485136949972136,cuda,50,bpi17,resource_usage,adam,64,0.0
0.00010025766160753038,21,0.9110780256752713,6.311568948957655e-05,0.8983606904734999,0.24777850761558126,1162.3917171955109,0.2854861708290362,1677563446.2988503,grateful-sweep-5,0.0006849886428182942,cuda,50,bpi17,resource_usage,sgd,64,0.0
9.894266172691628e-05,39,0.9053832992921732,5.780777997440762e-05,0.890026415414171,0.3273128277613763,1400.9286987781525,0.3677258487407306,1677561454.4317737,wobbly-sweep-4,0.00019331706100677695,cuda,50,bpi17,resource_usage,sgd,256,0.01
9.564294859215065e-05,48,0.8945870906328945,6.099331158178824e-05,0.8848845914792632,0.307726104035426,1883.371218919754,0.3324058856758267,1677560012.6509778,devoted-sweep-3,7.036251289826389e-05,cuda,50,bpi17,resource_usage,sgd,256,0.001
0.00010827540247528642,37,0.9062090450438052,6.0451290121784914e-05,0.8819287490111877,0.33595115971901596,2322.6646761894226,0.39155126877229274,1677556843.012056,lunar-sweep-2,0.00026850381761266845,cuda,50,bpi17,resource_usage,adam,64,0.01
8.761179116037156e-05,41,0.9091679673204863,5.615698518576445e-05,0.8977709345688778,0.25447479911703025,2494.4083631038666,0.2866555422507433,1677554227.9008021,dandy-sweep-1,2.3531591690641936e-05,cuda,50,bpi17,resource_usage,adam,256,0.0
9.957399633195665e-05,40,0.9035629052488028,5.776959988805983e-05,0.8916791445361057,0.2754181111860143,2767.656508922577,0.3128941202449292,1677551437.279742,revived-sweep-10,0.0001885861063178385,cuda,50,bpi17,trace_time,sgd,256,0.0
9.947395986980862e-05,10,0.9116243524099369,5.9081774066995694e-05,0.89952254492033,0.24368222845269935,341.3275771141052,0.28476550551387114,1677547462.762866,ethereal-sweep-9,0.0004478928134152435,cuda,50,bpi17,trace_time,adam,512,0.0
9.790806858627884e-05,20,0.9148856310855742,5.337913831075032e-05,0.9009033506610916,0.23333916845067218,639.1263961791992,0.27997061274781554,1677546242.053059,royal-sweep-8,0.00043472791160382784,cuda,50,bpi17,trace_time,adam,512,0.0
9.822248308746903e-05,37,0.9093306142109593,5.317968902764497e-05,0.8902806814329303,0.3171358021386748,1373.0356974601746,0.3706000748900104,1677545189.3638344,vague-sweep-7,0.00034649696919862447,cuda,50,bpi17,trace_time,adam,512,0.01
9.232535406395241e-05,39,0.9027465429716213,5.706139736705356e-05,0.8896414849135496,0.33299563413733674,1731.6805748939514,0.3644660290607235,1677543418.4688299,clear-sweep-6,0.00037564069055323135,cuda,50,bpi17,trace_time,sgd,512,0.01
0.00010204611001191316,12,0.9123218573440806,5.778059915260032e-05,0.9003453780088145,0.24167446143875249,398.80702686309814,0.2769115443875768,1677540355.4333208,worldly-sweep-5,0.00036096978552616256,cuda,50,bpi17,trace_time,adam,512,0.0
9.398633683169329e-05,39,0.9018738798477375,5.722816895555567e-05,0.8898604362074811,0.3348759790806343,2011.6733705997467,0.3652635405785432,1677539578.0364945,kind-sweep-4,0.00035303023715850735,cuda,50,bpi17,trace_time,sgd,512,0.01
9.54902172088623e-05,20,0.9144279260540509,5.390036437246535e-05,0.8994236636908125,0.23461604983821452,1667.1804268360138,0.2819665812653921,1677535740.8147569,different-sweep-3,0.0003506990632704277,cuda,50,bpi17,trace_time,adam,512,0.0
9.707103172938029e-05,20,0.9150983231731157,5.304204093085395e-05,0.9013942253361962,0.23259054041224891,1210.2078223228455,0.2768112486675643,1677532373.2065804,solar-sweep-2,0.0003712519958411776,cuda,50,bpi17,trace_time,adam,256,0.0
0.0001027030525384126,40,0.8988065263107411,5.812169777022468e-05,0.8876709232681659,0.29135907153807244,2355.220861673355,0.3223297702638372,1677530865.0040727,true-sweep-1,0.00021302453476118133,cuda,50,bpi17,trace_time,sgd,512,0.0
0.00057543502913581,32,0.8348211058908566,2.2658295929431915e-05,0.8250193004335175,0.4990089358837974,272.2785587310791,0.5607648878091446,1677528422.3184888,denim-sweep-10,0.0009926684949371602,cuda,50,PermitLog,resource_usage,adam,64,0.001
0.0006493483207843922,33,0.838344777737622,2.3027691576215957e-05,0.8186650038600867,0.4809167565746259,85.748605966568,0.5739628066606849,1677528095.707454,devout-sweep-9,0.0009676711692404728,cuda,50,PermitLog,resource_usage,adam,256,0.001
0.0006659149682080304,32,0.8352728586917239,2.2529102861881255e-05,0.8259694756220678,0.4964124691240788,129.94555354118347,0.5590350204712917,1677527933.9751236,apricot-sweep-8,0.0009460035391820796,cuda,50,PermitLog,resource_usage,adam,64,0.001
0.0007078406987366853,32,0.8357607517166606,2.2622446219126385e-05,0.8208325910089673,0.49479468766859735,255.3988118171692,0.5674330889612332,1677527637.4327137,light-sweep-7,0.0008744061419814862,cuda,50,PermitLog,resource_usage,adam,64,0.001
0.0006818295849694146,33,0.8384531984098301,2.302203741338518e-05,0.8187243898093711,0.4809406873806746,206.69885277748108,0.5760360787774118,1677527284.8050609,dutiful-sweep-6,0.0009369324270499304,cuda,50,PermitLog,resource_usage,adam,256,0.001
0.0006073557889020001,33,0.8361944344054933,2.392921734739233e-05,0.816022329116931,0.493951255149862,195.62133979797363,0.5898448370033832,1677526248.5090168,logical-sweep-5,0.0009269912019667468,cuda,50,PermitLog,resource_usage,adam,512,0.001
0.00061878001248395,49,0.7938742320202385,2.76059878093225e-05,0.7896549676346576,0.7250693923219861,110.57543683052063,0.7701044815815191,1677526041.503743,upbeat-sweep-4,0.0005599399935226657,cuda,50,PermitLog,resource_usage,sgd,512,0.0
0.0005824957512043141,33,0.8377484640404771,2.3090453059585007e-05,0.8151018469030228,0.4838198972644468,91.5604658126831,0.5798802475010643,1677525865.1742737,ethereal-sweep-3,0.0008448437507959771,cuda,50,PermitLog,resource_usage,adam,256,0.001
0.0005397622673599808,49,0.8254246476328153,2.300033828726521e-05,0.816913118356197,0.5971544399432082,122.31745624542236,0.650111173428084,1677525763.4238431,avid-sweep-2,0.0007775872409643332,cuda,50,PermitLog,resource_usage,adam,256,0.01
0.0006319037631705955,49,0.8253162269606071,2.499110444828316e-05,0.8085100065324544,0.5541460953854808,288.0038251876831,0.6464555125861193,1677525624.1622963,dandy-sweep-1,0.00012649403411156093,cuda,50,PermitLog,resource_usage,adam,256,0.001
0.0006323172869505706,33,0.8344054933140586,2.5198785243210968e-05,0.8225250905635727,0.4980548326875227,271.10052728652954,0.5623644986025362,1677525179.5253122,happy-sweep-10,0.0007423550161682222,cuda,50,PermitLog,trace_time,adam,64,0.001
0.0004786968231201172,39,0.8286230574629563,2.55923166319176e-05,0.8175366708236831,0.5387948831453796,143.99670553207397,0.596054496295917,1677524820.8926036,hearty-sweep-9,0.0009497584436102648,cuda,50,PermitLog,trace_time,sgd,64,0.001
0.0006064992922323721,32,0.8339898807372605,2.532868473618119e-05,0.8249896074588753,0.49891712373673897,136.96917605400085,0.5574018871092558,1677524592.0616531,northern-sweep-8,0.0008175097051631448,cuda,50,PermitLog,trace_time,adam,64,0.001
0.0007214090117701777,33,0.834676544994579,2.5173880987697176e-05,0.8213373715778847,0.49993428417522207,241.35051560401917,0.5659398050420507,1677523584.2597706,fluent-sweep-7,0.0009699277968524736,cuda,50,PermitLog,trace_time,adam,64,0.001
0.0006713330745697022,32,0.8346223346584749,2.5239355034298368e-05,0.8210998277807471,0.49513752583264875,263.6888110637665,0.5688705065413363,1677523193.822858,dazzling-sweep-6,0.0005931036353598694,cuda,50,PermitLog,trace_time,adam,64,0.001
0.000558976376498187,49,0.8363028550777015,2.4098036465821443e-05,0.825850703723499,0.4915813706155542,417.65039348602295,0.5626180681149292,1677522920.9711616,olive-sweep-5,0.000879998207926139,cuda,50,PermitLog,trace_time,adam,64,0.001
0.00048750135633680554,49,0.8276653415251175,2.5472163602157876e-05,0.8230001781578479,0.5464454258052631,327.1581220626831,0.5914275564549336,1677522492.554081,young-sweep-4,0.000906307354755518,cuda,50,PermitLog,trace_time,sgd,64,0.001
0.0006889545034479212,49,0.8248283339356705,2.539153728220198e-05,0.8125482510837936,0.5848361707009432,268.2046585083008,0.6370494032254432,1677522146.9814825,eager-sweep-3,0.0009744474414464416,cuda,50,PermitLog,trace_time,adam,512,0.01
0.0006817287868923611,33,0.8448861582941815,2.341846349062743e-05,0.8166161886097749,0.43961038357478255,224.95113706588745,0.6015552611027911,1677521729.054079,dark-sweep-2,0.0009484058489922212,cuda,50,PermitLog,trace_time,adam,64,0.0
0.0006294944992771855,33,0.8342790025298157,2.5155362155702378e-05,0.8225547835382149,0.49808060804945403,279.17565751075745,0.5589299626903725,1677521410.4193735,flowing-sweep-1,0.0008430286693912365,cuda,50,PermitLog,trace_time,adam,64,0.001
0.00016195551112846093,22,0.905508964719491,1.8570848085262157e-05,0.9261880687563195,0.2837981203944784,47.44392395019531,0.24480594973352007,1677521053.348713,polished-sweep-10,4.5562512634504536e-05,cuda,50,RequestForPayment,resource_usage,adam,64,0.01
0.00015360804619612517,46,0.9078947368421053,1.6041109683337036e-05,0.9278311425682507,0.27544356299108547,87.36179065704346,0.24789389422496722,1677520992.7107925,lyric-sweep-9,0.00011903687070276042,cuda,50,RequestForPayment,resource_usage,adam,64,0.01
0.00014385350324489453,29,0.9068825910931174,1.7739022495570006e-05,0.9235338725985844,0.27230967880329554,58.88591003417969,0.2505722809187443,1677520857.9424582,peachy-sweep-8,2.7566893652486548e-05,cuda,50,RequestForPayment,resource_usage,adam,64,0.001
0.00016688839153007224,44,0.9056535569693465,1.5976468997972983e-05,0.9172143579373104,0.2894487810693358,90.89067649841309,0.26407787776330843,1677520778.9442444,exalted-sweep-7,0.0005644212127439005,cuda,50,RequestForPayment,resource_usage,sgd,64,0.01
0.0001592971991609644,22,0.9067741469057259,1.825254410505295e-05,0.9255561172901922,0.2825892732417811,91.14529347419739,0.24383147580679074,1677520554.3221734,true-sweep-6,6.989127320863406e-05,cuda,50,RequestForPayment,resource_usage,adam,64,0.01
0.0001789835536921466,41,0.9042437825332562,1.5820518687919334e-05,0.919994944388271,0.292402510192437,73.86468601226807,0.26443301911180495,1677520422.963468,young-sweep-5,0.0006651193537821501,cuda,50,RequestForPayment,resource_usage,sgd,64,0.01
0.00015651909289536654,38,0.9031231925968768,1.6583863783765723e-05,0.9244186046511628,0.2851541447218889,43.42988443374634,0.2574281746143036,1677520328.6461015,trim-sweep-4,0.0005847165619597672,cuda,50,RequestForPayment,resource_usage,sgd,256,0.0
0.00016756466141453497,29,0.9084008097165992,1.5764371664435776e-05,0.9179726996966633,0.25794397887465165,103.65490937232971,0.250602009021597,1677520214.5681434,polar-sweep-3,0.000567101653216555,cuda,50,RequestForPayment,resource_usage,sgd,64,0.0
0.00016976122502927426,22,0.9056535569693465,1.8148746479440618e-05,0.9277047522750252,0.281699980723851,28.345303773880005,0.25331571062365726,1677520044.9523888,amber-sweep-2,0.0006530368607598688,cuda,50,RequestForPayment,resource_usage,adam,256,0.01
0.00015921871971201013,39,0.9069187391555813,1.6740470848701617e-05,0.9189838220424671,0.27455596637008783,46.26779770851135,0.2589259834393211,1677519994.5749958,polished-sweep-1,0.000285456176033097,cuda,50,RequestForPayment,resource_usage,adam,512,0.01
0.0001404079242988869,38,0.9009543088490457,2.415541421484064e-05,0.9242922143579373,0.2911445620502606,107.21071457862854,0.25919842213783995,1677519921.2873466,dutiful-sweep-10,0.0005503469953686965,cuda,50,RequestForPayment,trace_time,adam,256,0.01
0.0001969881190194024,7,0.8998337189126663,2.9531275784527812e-05,0.9242922143579373,0.2856926643103792,22.584769010543823,0.24213994513628337,1677519711.303595,dandy-sweep-9,0.00035150270105837336,cuda,50,RequestForPayment,trace_time,adam,64,0.001
0.00029214417492901836,15,0.9007735685367264,2.6339173868850425e-05,0.9188574317492416,0.2845213268622282,21.203210830688477,0.2507155190463977,1677519646.3064167,fragrant-sweep-8,0.0003231145560382272,cuda,50,RequestForPayment,trace_time,adam,256,0.001
0.00016861456411856193,41,0.8950621746674379,2.5573574282504893e-05,0.9154448938321537,0.32653990091444646,49.123921632766724,0.2673753921255183,1677519610.5654087,denim-sweep-7,0.0003331422391225324,cuda,50,RequestForPayment,trace_time,sgd,256,0.001
0.00014655883665438052,48,0.8943030653556969,2.4781320933942442e-05,0.9212588473205258,0.3207983943537317,88.81371140480042,0.26379292971323665,1677519549.6906135,warm-sweep-6,0.0006233399772976017,cuda,50,RequestForPayment,trace_time,sgd,256,0.001
0.0001635060266212181,41,0.8956766917293233,2.5305461000513146e-05,0.9236602628918099,0.31984815540997674,77.47656273841858,0.26232036429902783,1677519432.9832509,fresh-sweep-5,0.0004114040272671977,cuda,50,RequestForPayment,trace_time,sgd,256,0.001
0.00014212045404646132,38,0.9021110468478889,2.4624822868241204e-05,0.9255561172901922,0.2886069856450487,96.1700713634491,0.2507726881272631,1677519319.7786403,splendid-sweep-4,0.00021446116932310577,cuda,50,RequestForPayment,trace_time,adam,256,0.01
0.00030763175752427844,45,0.875253036437247,2.8674519724316067e-05,0.9121587462082912,0.46971024058332606,69.89188981056213,0.3703976536604705,1677519208.6148498,icy-sweep-3,7.537052869976584e-05,cuda,50,RequestForPayment,trace_time,sgd,512,0.01
0.00015797277291615804,23,0.8987854251012146,2.6391656310470016e-05,0.9264408493427705,0.2972375406496369,67.83152961730957,0.2446864341942196,1677519033.0845227,restful-sweep-2,0.00033056606887617063,cuda,50,RequestForPayment,trace_time,sgd,64,0.001
0.0002048250260176482,45,0.898676980913823,2.5153041437820153e-05,0.9163296258847321,0.30214059982015745,57.98940181732178,0.2619546560534814,1677518950.0278788,crisp-sweep-1,0.00012601710738945328,cuda,50,RequestForPayment,trace_time,adam,256,0.01
0.00018106300521779944,46,0.8687613994362461,1.5987128847175176e-05,0.8678520913315821,0.4279158674174331,58.09187412261963,0.4410350694695394,1677518813.6137202,misunderstood-sweep-10,0.0009952230861751512,cuda,50,PrepaidTravelCost,resource_usage,sgd,64,0.0
0.0001781531947630423,46,0.8675178245730393,1.6218243097817456e-05,0.8656294200848657,0.43967811537706086,54.423399686813354,0.45304561335767346,1677518746.5352156,exalted-sweep-9,0.0008362837365540828,cuda,50,PrepaidTravelCost,resource_usage,sgd,64,0.0
0.00017869885321016664,35,0.8706682142264964,1.5963059332635667e-05,0.865225298040008,0.42090233288738704,50.84107565879822,0.44181983050950296,1677518667.8316276,breezy-sweep-8,0.000903612030300406,cuda,50,PrepaidTravelCost,resource_usage,sgd,64,0.0
0.00018273823791080051,37,0.8692588293815288,1.6251377485416553e-05,0.8642149929278642,0.43224950908102455,48.12222766876221,0.44189531372204816,1677518595.3226626,winter-sweep-7,0.0007351222698773616,cuda,50,PrepaidTravelCost,resource_usage,sgd,64,0.0
0.0001799531446562873,38,0.8557453158680153,1.6580575870143042e-05,0.8573449181652859,0.5059234992601132,44.85208749771118,0.5011373225017662,1677518523.4974794,clean-sweep-6,0.0006938851279263647,cuda,50,PrepaidTravelCost,resource_usage,sgd,64,0.01
0.0001822615663210551,38,0.8599734704029183,1.650639292266634e-05,0.85997171145686,0.4969847451551422,68.97901749610901,0.48844132026678916,1677518447.3716476,stellar-sweep-5,0.0008546094719004614,cuda,50,PrepaidTravelCost,resource_usage,sgd,64,0.01
0.00016123305868219446,37,0.8600563753937988,1.692349988001364e-05,0.8611840775914326,0.5017600437189844,34.5355761051178,0.49342849336987576,1677518349.6455271,dauntless-sweep-4,0.0005795998957427049,cuda,50,PrepaidTravelCost,resource_usage,sgd,64,0.01
0.00014971149188500863,49,0.7938152876803184,2.122112998255977e-05,0.7955142453020813,0.7978248245046815,31.089252471923828,0.8027330537978316,1677518303.2398496,true-sweep-3,0.0004446677711020019,cuda,50,PrepaidTravelCost,resource_usage,sgd,512,0.001
0.00017555651841340243,37,0.8693417343724092,1.6420711245801714e-05,0.8654273590624368,0.4408023724126452,31.532928943634033,0.45385975553715296,1677518245.757851,true-sweep-2,0.0006178450360886772,cuda,50,PrepaidTravelCost,resource_usage,sgd,64,0.0
0.00013908801255402742,48,0.7546841319847455,2.3531317710876466e-05,0.7474237219640332,1.0276781335989449,34.48870372772217,1.0394088122598522,1677518206.1501358,amber-sweep-1,0.0001139419966793874,cuda,50,PrepaidTravelCost,resource_usage,sgd,512,0.001
0.00021823748394295023,46,0.8671032996186371,2.27238306844676e-05,0.8640129319054355,0.4405974133792277,26.096726894378662,0.45815369554856106,1677518159.4436328,vital-sweep-10,0.0005438118372874101,cuda,50,PrepaidTravelCost,trace_time,adam,512,0.0
0.00020727354067343252,44,0.8727408389985077,2.1819597869007674e-05,0.8668417862194383,0.3985829393754174,25.49752163887024,0.4389163242503594,1677518115.0164406,decent-sweep-9,0.0007820340807235891,cuda,50,PrepaidTravelCost,trace_time,adam,512,0.0
0.00021229439311557346,33,0.8709998341900183,2.150781038734648e-05,0.8642149929278642,0.4061949132756202,20.521966457366943,0.4460512667105496,1677518072.7458744,sweepy-sweep-8,0.000731470839001087,cuda,50,PrepaidTravelCost,trace_time,adam,512,0.0
0.000216350378813567,33,0.8718288840988228,2.1414272487163545e-05,0.8632046878157204,0.40011608455829845,20.216362714767456,0.44009437262831275,1677518026.5880718,curious-sweep-7,0.0008210742941512772,cuda,50,PrepaidTravelCost,trace_time,adam,512,0.0
0.0002205632792578803,44,0.8729066489802686,2.196456409162945e-05,0.8646191149727218,0.3993772840474182,25.09322237968445,0.44363839449509634,1677517982.4130034,happy-sweep-6,0.0007912670899367489,cuda,50,PrepaidTravelCost,trace_time,adam,512,0.0
0.00021806147363450791,25,0.8797048582324656,2.1881728812500282e-05,0.8658314811072944,0.360467350071806,17.388946056365967,0.41767396269169305,1677517935.659537,fragrant-sweep-5,0.0007855129613500403,cuda,50,PrepaidTravelCost,trace_time,adam,256,0.0
0.00026850651811670374,48,0.7871828884098823,2.7390097578366598e-05,0.806425540513235,0.802673397956055,43.827293157577515,0.7893781366553493,1677517891.0243042,stilted-sweep-4,0.000671112826048325,cuda,50,PrepaidTravelCost,trace_time,sgd,512,0.01
0.00021169874403211805,46,0.8708340242082573,2.180103074621271e-05,0.8613861386138614,0.4076751872509239,27.586373329162598,0.4465869420115262,1677517836.9292402,genial-sweep-3,0.0007104097162060646,cuda,50,PrepaidTravelCost,trace_time,adam,512,0.0
0.00020660431296737106,46,0.8785441883601393,2.008756967606368e-05,0.8674479692867246,0.36993665880794013,29.740604400634766,0.4268384020625762,1677517794.4299085,vivid-sweep-2,0.0005322258964907897,cuda,50,PrepaidTravelCost,trace_time,adam,256,0.0
0.0002708628221794411,48,0.8021057867683634,2.719752766467907e-05,0.8132956152758133,0.7959047493166126,63.892643213272095,0.7826352103668455,1677517751.3878472,kind-sweep-1,0.0006144174302261729,cuda,50,PrepaidTravelCost,trace_time,sgd,512,0.01
